# DEMO DATA — all 8 rows are fictional campaign lifecycle examples (D-020). States are legal Campaign states from app/src/lib/state-machines.ts; payment/payout statuses are legal Payment/Payout values from prisma/schema.prisma. Money follows app/src/lib/fees.ts (D-005): buyer_fee = 5% of price; seller_payout = 80% of price; platform_fee = (price + buyer_fee) - seller_payout = 25% of price. Payment shows CAPTURED from booking onward because chargeForCampaign authorizes then captures at checkout.
campaign_title,buyer_org,listing_title,package,price_usd,buyer_fee_usd,seller_payout_usd,platform_fee_usd,state,payment_status,payout_status,notes
"Poker night placement — Basic","Crestline Coffee Co. (demo)","Sponsor Aaron at a $200 Denver poker tournament","1. Basic placement",450.00,22.50,360.00,112.50,BOOKED,CAPTURED,HELD,"DEMO. Payment captured at checkout; venue approval already APPROVED before booking per D-008"
"Poker night placement + content","Bluebird Seltzer (demo)","Sponsor Aaron at a $200 Denver poker tournament","2. Placement + content",750.00,37.50,600.00,187.50,APPROVAL_PENDING,CAPTURED,HELD,"DEMO. Holding for written casino approval of table branding; APPROVAL_PENDING -> IN_PROGRESS is admin-only"
"Cyclist season kit — spring block","Foothills Outdoor Gear (demo)","Race kit sponsorship: amateur road cyclist season","Season kit",750.00,37.50,600.00,187.50,IN_PROGRESS,CAPTURED,HELD,"DEMO. First two race starts done; proof due after third race"
"RiNo coffee-cart takeover week","Molly's Oat Milk (demo)","Coffee-cart takeover: branded morning cart, RiNo","One-week takeover",1200.00,60.00,960.00,300.00,PROOF_SUBMITTED,CAPTURED,HELD,"DEMO. Timestamped cart photos submitted; awaiting buyer review"
"Dog-walking day: branded bandana route","Barkbox-style demo brand","Sponsor a Denver dog-walking day","Full-day route",500.00,25.00,400.00,125.00,ACCEPTED,CAPTURED,HELD,"DEMO. Proof accepted by buyer; payout release is the next admin action (ACCEPTED -> PAYOUT_RELEASED)"
"Podcast live taping presenting sponsor","Summit Ridge Insurance (demo)","Podcast live taping: presenting sponsor, Denver venue","Presenting tier",1500.00,75.00,1200.00,375.00,PAYOUT_RELEASED,CAPTURED,RELEASED,"DEMO. Audio disclosure verified in live-read clip before release; payout released, provider settlement pending"
"Food-truck wrap: 2-week lunch route","Front Range Hot Sauce (demo)","Food-truck wrap: 2-week lunch-route branding","Two-week wrap",1800.00,90.00,1440.00,450.00,COMPLETED,CAPTURED,PAID,"DEMO. Full lifecycle done: proof accepted, payout PAID, reviews eligible (one per author per campaign)"
"Bookstore window display — 2 weeks","Larimer Stationery (demo)","Independent bookstore window: 2-week sponsored display","Standard window",950.00,47.50,760.00,237.50,REFUNDED,REFUNDED,CANCELED,"DEMO. Canceled pre-execution by admin (BOOKED -> REFUNDED); full refund incl. buyer fee; held payout CANCELED per refundCampaign"
